tipo,km_total,%
Inoperativo,195818.86815659815,45.83
Operativo,231466.43414478036,54.17
