tipo,km_total,%
Inoperativo,183877.1596525327,43.03
Operativo,243408.14264884582,56.97
