tipo,km_total,%
Inoperativo,11941.70850406546,2.79
Operativo,415343.59379731305,97.21
